#open, high, low, volume, close
307500,309000,302500,181154,306500
304000,309000,302000,265389,304500
305000,311500,304500,441286,311000
314000,316500,311000,219926,315000
319000,319000,312000,149289,313000
316000,319500,314000,225689,319000
320000,320000,315000,178611,319000
322000,322000,310500,276873,313500
318000,318000,312000,149220,317000
319000,319000,316000,121263,318000
319000,319000,311500,123369,315500
313000,315000,303500,397309,305000
301000,304000,297500,351970,299500
300500,316000,300000,357877,313000
315000,315500,309500,162235,315500
313000,315500,310000,193357,312000
309500,312000,305000,223661,308000
305500,314500,305500,191856,307500
308000,314500,308000,152365,313500
309500,314000,303000,236832,304000
303000,303000,294000,274161,296500
298000,299500,293500,150822,295500
301000,304500,300000,237849,304000
303000,305000,302500,109381,303000
310000,312000,300000,238638,301500
303000,307500,303000,200060,307000
301500,307000,301500,185689,307000
313500,319500,313500,429212,319500
324500,325000,319500,377669,321000
324500,324500,321500,138365,323000
323500,323500,315500,199952,319000
322000,322500,313500,206831,318000
316000,320000,314500,159400,318500
318000,318000,308500,155618,316000
316000,320500,313000,114426,320500
314500,320000,313000,126843,316500
310000,320500,309500,162698,316000
316000,319000,308000,263613,310500
310500,310500,305000,234659,307000
305000,311500,305000,200837,306500
307500,313000,307500,218869,310000
311500,312000,306000,97619,308000
306500,310500,304500,109100,304500
310000,310500,305500,156881,306500
305500,310500,301000,185014,302500
305500,307500,301000,124917,302500
306000,306500,293500,232464,297000
300000,303000,299000,139117,300000
300000,302500,295000,221761,297500
300000,307500,298500,183494,305500
306500,312500,299500,291440,301500
295500,300000,295000,120224,297500
297500,298500,288000,139989,291500
287000,289000,277000,308526,279000
277000,288500,272000,387788,286500
285500,288000,271500,262434,277000
277500,279500,266000,358749,269000
267000,279000,267000,230281,273500
276500,282000,276000,127902,278000
272500,275500,265000,423505,269000
275000,276500,270500,301533,270500
263500,264500,258000,466936,259500
260000,269500,259500,308440,268000
272000,274500,268000,238082,271000
268500,275500,268000,229989,273500
266000,267500,259500,302334,266000
268000,275000,265500,154077,271500
275500,275500,269500,132015,271500
268000,274000,268000,134400,273000
270000,274000,267500,128357,268500
265500,274000,265500,173269,271000
271500,273500,266500,103623,271500
274000,275000,265500,190715,267500
268500,268500,261000,202137,264500
264500,266000,261000,147062,263500
261500,270000,261000,200304,267000
264500,272000,264000,145433,269500
272000,287500,271500,367505,284500
284500,286500,280500,237565,282000
287000,295000,285500,296118,291000
287500,297000,285500,273312,285500
284000,289500,283000,157795,285000
283000,285500,278000,223383,280500
279500,292000,279500,222419,288000
287000,297000,287000,217510,294000
291500,295000,285500,166310,287500
291500,296500,290000,185744,293000
292500,299000,290000,168838,295000
291000,295500,290000,142858,294500
297500,301000,297000,346779,301000
300500,305000,297500,176761,300500
300500,303500,289000,259348,291500
290000,291000,285000,258832,289500
298000,298500,292500,351372,294500
297000,297000,292000,208048,295000
295000,295500,292000,113012,294000
297000,301000,295000,164700,298000
297500,298000,289500,174396,293500
291500,293000,286000,228280,288000
290000,291000,286500,207196,287500
286500,287000,270000,560684,272000
267000,269500,260000,795565,261000
263000,264500,260000,539076,263500
262000,267000,262000,363850,264500
268000,271000,265000,389022,267000
266000,268000,263500,266382,266000
266500,267000,257500,532272,258000
256000,257500,250500,406981,253000
256000,261500,255000,343038,255500
255500,260000,255000,227570,257500
260500,264000,259500,236773,262000
262000,263500,258000,166250,260500
260500,267000,257500,220698,263500
265000,272500,264500,399116,270500
275000,275000,271000,310491,272000
275500,275500,262000,258132,264500
262000,264000,257000,317250,263500
264000,264500,258000,248337,264000
266500,274500,259500,309072,272500
272500,273000,266000,201611,272000
269000,285500,268000,642591,285000
289000,292000,285500,578486,290500
294000,294500,288500,417546,291500
291500,293000,286500,179585,290000
294500,294500,290000,197211,291500
291500,296000,290000,202209,295000
297000,301500,295000,336270,300500
305000,305000,295000,201871,299500
299500,300000,295500,200216,298000
298500,304000,297000,229687,299000
303500,303500,297000,115312,300000
300000,301500,293000,120708,297000
298000,302000,298000,106295,300000
302500,305500,301000,257476,305500
305500,309000,303000,182312,307500
309000,312000,306000,208912,311000
307500,308500,301000,243006,303000
304500,304500,300000,145036,301500
306000,309000,303500,177996,307000
308000,313000,303500,215282,313000
316000,317000,313500,251177,315500
315000,318500,310500,249340,311000
308000,310000,300500,318395,305500
306000,312500,302500,149703,309000
311500,313500,304500,163359,307500
309500,309500,301500,155222,304000
302000,305000,300000,107701,302000
303000,305000,301000,103784,303500
305000,305000,297000,234626,300000
300000,310500,300000,283241,306500
303500,308500,301500,160055,303000
302000,304000,300000,157087,302000
302500,308000,301000,252732,303000
303500,304500,297000,158957,297000
294000,300000,292000,171942,293000
295000,301500,295000,119749,300500
302500,307500,300000,235364,305000
305000,313000,304500,248406,311000
310500,313500,307500,167587,311000
311500,312500,304000,133121,307500
306500,307500,304000,104476,306000
305000,309000,303000,204360,306500
311000,314000,303000,275566,311000
306500,308500,296000,226012,301500
292000,295000,283500,393784,287000
287000,294500,281500,244753,292000
297000,299000,285000,261714,288000
292000,297500,290500,259645,296000
298500,298500,284000,362162,294000
293500,293500,273000,655089,274500
266000,270500,263500,389996,269000
266000,274000,265500,346263,267500
267000,273500,267000,242622,270500
273000,276000,266000,163008,269000
272000,274500,259000,434756,265500
262500,273500,262500,231675,273000
275000,277500,263500,323097,265000
265000,266500,256000,547828,258000
259500,270000,258000,456410,269000
269500,269500,253000,654117,255500
255000,255500,245000,798582,246000
247000,252000,247000,387513,250000
252000,258000,250500,518846,255500
258500,265000,257000,381628,260000
261500,263000,258500,175575,260500
260500,261000,254000,248080,258000
262500,263000,257500,166810,259500
262000,262500,258500,221216,260000
259000,259000,252500,205254,255000
253000,257500,250500,139984,255500
258000,264000,257500,220919,261500
262000,263500,258500,146135,263500
266000,271500,266000,333053,270500
274500,275000,271000,210184,273000
274000,274000,271500,272128,273500
277000,285500,276500,355745,282000
284500,284500,279000,294074,279000
285000,285500,280500,183428,282000
282000,287500,281500,182712,286000
288500,288500,282000,227159,283000
282000,286000,282000,176514,282500
284500,290500,284000,229769,288500
293500,293500,284000,238980,285000
283000,287500,281500,139849,282000
287500,288000,284000,179240,284000
283500,286000,275500,1033341,276500
272000,275500,264000,406566,272000
272500,273500,266500,165780,267500
268500,269500,262500,206174,265000
263000,268000,259500,207896,260500
257000,265000,256500,317245,260000
262500,263000,256500,239107,259000
262000,267000,261500,202587,263000
267000,271500,262500,235031,268500
271000,271000,262000,174610,265500
262500,270000,258500,229550,261500
260000,260500,257000,281448,258000
255500,259000,251500,255838,252000
253000,264500,251500,375602,257000
261500,262000,257500,272264,257500
262000,275500,261500,368144,275000
273000,276000,272500,355980,273000
269000,273000,266500,235332,270500
269500,275000,261000,391861,262000
262500,263500,255500,311225,259000
261000,264500,260500,171759,262000
265000,267000,255500,206987,259500
259000,259500,251000,332448,254000
257500,257500,252500,369086,254000
254000,255500,245500,549156,246500
250000,260500,250000,368808,259500
259000,259500,253000,363982,255500
257500,258000,253000,234098,256000
255500,256000,253000,235571,254500
254500,259500,253000,249608,257500
258000,258500,255000,157322,256500
256000,261500,256000,247522,260000
261000,263500,258000,147467,259500
260000,262500,251500,773677,255000
254000,259000,252000,272716,258500
259000,261500,258500,320582,260500
261000,265000,259000,319798,262500
265500,267500,263500,337310,265500
268500,278500,266500,632486,277500
278000,278500,272500,429341,274000
275000,275500,268000,197466,269000
270500,273000,264000,342460,264500
265500,268000,264500,111268,264500
265500,268500,264500,143557,266500
265500,266000,259000,250645,259000
261500,264000,260500,206961,262000
265000,265000,261000,151591,262500
267000,267500,263000,132291,265000
265500,267500,263000,118350,267000
266000,267000,262000,165863,266000
263500,270000,262000,214519,268000
267500,270000,265000,134894,269500
268500,271500,264500,209422,266500
262000,269000,262000,205507,263500
260500,266500,260000,213525,263500
263500,271000,263000,307130,269500
270500,274000,270000,155298,271500
270500,274500,269000,148275,270500
265000,273000,264000,180386,271500
271500,278000,271500,421767,277000
278500,280000,276000,346127,279000
282000,283500,279500,269488,281500
280500,281000,275000,298240,277000
275000,281000,275000,144642,277500
280500,285500,279000,275513,282000
283500,288500,281000,290629,284000
284000,289500,284000,294311,289500
288000,290500,286500,229382,290500
291500,291500,285500,266146,288500
286000,288000,279500,359269,283000
284000,285500,280500,201229,283500
287500,290000,286500,176338,289000
294500,295000,287500,215481,292000
294500,297500,290000,213891,295500
293000,297000,292000,147431,296000
294000,296500,292500,155003,295000
295000,295500,285500,268370,288500
291500,297000,289500,197244,293500
290500,291000,286000,185397,286000
285500,291000,285500,112257,288500
291500,291500,279000,247350,281000
284500,284500,280000,155387,281000
279000,281000,277000,180201,279000
276500,281500,275500,169035,281000
283000,287000,281500,211940,285000
288000,290500,285500,148938,288500
286000,288500,284500,157875,286500
287500,293000,287500,153793,290000
290500,293000,288500,154837,291500
294000,296500,291500,147054,293000
295000,295000,286000,216865,290000
288000,290000,286000,150494,287000
287500,292000,286500,166360,291000
288000,292500,287000,224398,288500
287000,289000,279500,248958,283000
284000,295000,281500,405224,294000
294000,310000,294000,518280,301500
300000,304500,298000,254135,304500
301000,302500,296000,280117,298500
296000,301500,295000,145834,299500
305000,305500,297000,149263,300000
297500,303000,294500,107642,299500
306500,309500,301000,184599,304000
302000,308000,302000,137637,306000
303500,308500,302500,152003,307000
304000,309500,303000,152522,305500
305500,308000,301000,111168,308000
305500,310000,300000,214335,301500
299000,301000,291000,212795,294500
293500,296000,288000,191327,292000
295500,302000,294000,165572,295000
296000,302000,296000,124753,298500
298500,309000,298000,217364,307500
309500,309500,300500,178324,303000
300000,302000,297000,171606,302000
302000,304500,299000,69108,301000
302000,303500,297500,178233,299000
299000,304500,295000,119264,302500
300500,308500,299000,144497,308500
308500,310000,304000,146682,307000
307000,309000,302500,111213,307000
312000,315000,308000,179103,311500
315000,316000,298000,354859,302000
298000,302000,295000,180066,298000
297500,299000,293000,164420,296000
294000,294000,289000,176242,289000
290000,293000,289500,120358,291500
297000,298500,291500,205698,293500
293000,295000,289500,113446,290000
293000,293000,289500,127031,291500
292000,292000,288000,144602,290000
288000,290500,287500,114180,287500
294000,295500,289000,173621,291000
296000,296500,291000,151323,292000
292000,293000,275500,398200,280500
279000,285000,278000,129241,281500
284500,286500,283000,128619,285000
287000,288000,285500,104971,287000
288500,289500,286500,123487,288500
286000,290500,285500,78932,289000
289000,295000,287000,155784,293500
296500,297000,277500,244998,279000
280500,282000,274000,229897,276000
276000,282000,273000,129770,279500
278000,284000,277500,149264,277500
278500,279000,274000,160529,276000
276000,280000,270000,252877,270000
274000,278000,272000,144806,273500
275000,283000,275000,177715,279500
280500,285500,277000,202304,280000
284500,285000,279500,101282,280000
279500,283500,279000,129061,281500
284500,287500,282500,213956,283500
281500,289000,280500,145866,287000
289500,295000,286000,214166,292500
292500,295000,289000,142503,292000
293500,294500,288500,162415,292000
292000,292500,285000,151633,292500
285000,305000,284500,348829,294000
297500,309000,295000,506403,304500
304000,313000,302500,295050,310000
302000,304000,298000,339987,301000
295500,301500,295500,295488,295500
300000,309000,299000,222159,307500
310000,311000,303000,214826,306000
303000,310000,303000,170925,309500
304500,314500,303500,139557,313000
312000,319000,310000,150238,312000
310000,315000,306000,216539,310000
310000,315500,309500,109420,313500
314000,318000,311000,98281,317500
316000,317000,305500,245086,306500
308000,308500,302000,168053,306000
303000,305000,299500,181363,305000
301000,308000,301000,158953,307500
309000,312500,308500,121383,312500
310000,312000,308000,74417,311500
314000,314000,309500,120182,313000
310500,313000,301500,161805,311500
308500,311500,306500,175227,308000
309500,313500,308500,166105,313500
309500,313000,307000,128067,312000
305000,308000,302500,203119,303000
306500,307000,301000,176813,302000
303500,305500,301500,113246,304000
305000,305000,301500,96695,303500
302000,304000,299000,98645,301000
301500,304000,298000,102047,303500
303500,305000,298000,129551,299500
301500,301500,295500,133774,295500
294000,298500,291500,147983,296000
294500,303500,294500,105594,301000
301500,303500,299000,79798,302000
300000,306000,300000,89616,304000
301500,304000,299000,99142,299000
303000,305000,300000,97460,301500
305000,305500,301000,91645,303000
301500,306000,300500,90408,306000
304000,312500,304000,179837,312500
312000,318000,310500,181506,317000
319000,319500,314500,151010,318000
315500,318500,311500,171313,315000
317500,319500,314000,180604,318500
322000,322000,316000,134538,321000
323000,323500,312000,156731,315500
318500,318500,314000,223843,316500
320000,320000,309000,204942,314000
312000,317500,312000,119426,315500
314000,317000,309500,175423,315000
315000,315000,301500,391646,306500
301500,303500,300000,278367,301000
300000,307000,300000,136968,306000
311000,311000,302500,168685,306000
307500,308000,302500,103877,307000
309000,309000,304000,103324,308500
310000,313500,308500,111047,312000
310500,312500,307500,101634,310500
309500,311500,306500,91023,308500
311500,312000,304000,122039,304500
308000,309000,305000,121799,308000
305500,308000,300000,222424,302000
302000,304000,300500,190826,301500
301000,303000,300000,128626,301000
301000,302500,291500,282914,295000
296500,297500,292000,171787,294000
294000,295000,284000,311649,284000
285500,291500,284000,207120,290000
291500,292000,287500,126043,290500
289500,290000,282500,174594,286500
288500,292000,286000,190993,290000
292500,301500,291500,316877,301500
302000,304000,298500,160310,303000
300000,302000,295500,162438,297500
299000,299000,292000,252867,296000
299000,299000,291500,142813,294000
294000,296500,292000,117629,294500
294500,297000,291000,122260,297000
297000,299000,295000,106812,297500
296000,299000,294000,93586,294500
295500,295500,287500,142603,289000
288000,292000,288000,137999,292000
292000,292000,288000,142490,291500
289500,293000,287500,153863,288000
289000,290000,285000,111965,287000
285000,292000,278000,211500,292000
294000,294000,284500,171871,287500
290500,290500,282500,114806,288000
289500,289500,283000,203752,284000
285000,291000,284500,284834,289000
288000,288500,284500,221582,285500
285500,287000,283500,135260,285000
285000,286000,283000,188959,285000
285000,293500,285000,194277,292000
289500,292000,283500,201094,283500
286500,288000,282000,198906,285500
287000,287000,280500,155799,280500
282500,282500,275000,187774,278000
276000,282500,276000,180180,281000
282500,283000,278000,136080,280000
283000,284500,280500,146001,284500
282000,285500,280000,167186,281500
283000,284000,281000,145300,284000
281000,282500,275500,328759,277000
277500,279000,275500,195698,278000
279000,280500,278000,140523,279500
281000,282500,280000,158666,281500
282500,282500,276500,175448,279000
279000,281000,272000,264396,272500
273000,273000,270000,127336,272000
273500,280000,272500,248092,279500
277000,278000,270500,236377,272500
276500,277000,273000,122787,273500
275500,288000,275000,309279,285000
286000,290500,284000,224300,284000
287500,289000,281500,145814,284000
282000,285500,282000,89471,285000
288000,288000,277500,109293,278500
279500,282000,276500,108965,279500
280500,280500,274500,159965,277000
279000,280000,272500,317678,280000
281500,284000,277000,134093,281500
282000,283000,278000,159173,281000
283000,297500,281000,423715,295500
294500,302500,294000,376671,301500
302500,309500,301500,430446,309000
312000,312000,303500,258317,309500
309500,311500,300500,184950,302000
300000,303000,297500,134994,300500
301000,304000,291500,179689,294500
294500,298500,292000,161294,297500
297500,297500,289500,128017,291000
297000,298000,292500,92690,295500
298000,299500,292000,142152,293500
293500,296500,291000,154787,296500
293500,297500,291000,143177,294500
300000,300000,286000,186035,286000
289500,295500,288500,257013,291000
294000,294000,287000,141071,290000
290000,290500,280500,199708,284000
286500,286500,282500,110160,286000
286000,289500,284000,93122,285000
287000,292000,284500,104085,287000
288500,291500,285500,110358,287500
286500,290000,285500,129598,287500
286500,295000,285500,193436,294000
291500,293500,290500,66574,293500
291000,293000,282000,192594,285000
286000,288000,282000,109228,283000
283000,284500,279000,178565,280500
281000,281000,274000,248347,274500
278500,278500,272000,419074,272000
272000,277000,272000,226770,274000
275000,281500,273500,164153,280000
280000,281500,276000,129139,277000
281000,281000,277500,127874,279000
281000,282000,255500,749606,257000
255000,259500,250500,744830,253000
254000,255500,251000,236929,252500
251000,251500,245000,339037,247500
246500,254000,246500,195655,249500
253000,258500,251500,340844,253500
250500,255000,248500,157006,255000
257000,258500,253500,173341,256500
257000,258000,252500,144758,257000
253500,256500,248000,211381,250000
248500,250000,235500,381622,238000
242500,246500,239000,280652,241000
242000,248000,241500,203297,248000
248000,248500,240500,240833,242000
243000,249000,237500,198072,248500
244500,254000,244500,229149,253000
255500,255500,243000,258659,248500
251000,252000,241500,202864,244000
242000,242500,230000,355020,235000
232000,237500,232000,200475,235000
239000,240500,236500,228679,238500
238500,239500,232500,205833,238000
240500,240500,226000,375000,228500
230500,240000,229000,349381,239500
240500,245000,228500,374863,241000
241500,255500,241500,361831,251500
252000,256000,248000,197934,252000
252500,254500,246500,252386,249000
252000,254500,250000,265299,252500
251500,254000,245500,255897,250000
248500,249000,235000,322031,240000
243000,243000,232000,294959,239000
240000,242500,231500,178476,233000
232000,241500,230500,254930,240500
238500,243500,236500,200454,237000
239500,245000,237500,346120,238000
237500,246500,233000,506574,235000
235000,239000,231500,501882,233000
234500,239000,233000,198099,237000
237000,239000,234000,219894,237000
236000,236500,232500,173442,234500
234000,236000,232500,163485,234500
236500,238000,233500,246083,238000
236000,237500,232500,180604,235000
236500,236500,233500,125310,234500
236500,243500,236000,231064,242500
244500,244500,238000,217988,241500
240500,242000,237000,117919,240500
239500,249500,238500,305174,249000
251500,251500,244500,130882,247000
245000,249000,241500,154666,249000
247500,248000,241500,171413,241500
241500,248500,240500,140733,242000
242500,254000,242500,273353,253500
254000,256500,251000,155292,255500
255000,258000,250000,106984,251500
249000,249500,245500,121419,246000
245000,249000,243000,152898,245000
241000,247000,241000,256298,243500
243500,248000,242000,197663,245000
243500,247000,241000,128297,247000
243000,245500,241000,193520,242500
244000,245000,235500,262776,236500
240000,240000,233500,160040,235000
238500,239500,235500,120849,237000
239500,240000,236500,159193,237500
236500,237000,232000,266814,233500
235000,241000,232000,164677,238500
238000,240500,237500,87209,239500
240000,241000,236500,113951,237000
239500,239500,233500,110288,236000
233500,240000,232500,137678,239500
237000,239500,232000,167481,238000
236000,236000,226500,358672,229000
229000,231000,226000,200603,230500
230500,232500,229000,190750,230500
233000,238000,231000,313468,238000
237000,239000,234000,250696,238000
255500,271500,254000,1755713,265500
265500,267000,251500,834722,255000
259000,261500,253000,422930,259000
251500,258500,250000,278196,254000
253000,255000,249500,175842,251500
250000,252000,247000,160436,250000
251500,256500,249000,444653,252000
247000,255500,246500,276798,250500
253500,257500,248500,469112,255000
253000,258500,252000,301366,255000
258500,262500,256000,284750,258500
255000,257500,253000,281405,254000
252500,256000,249000,296269,250000
249000,252500,246500,276129,248000
248500,252500,247500,168396,249500
250000,251500,243000,241541,246000
246500,249000,245000,133234,248500
248500,257000,248500,247314,253500
259500,260000,240000,779016,242500
243000,243000,236000,253824,236500
236500,239500,235500,213813,236000
235500,237000,234500,155709,236500
239500,243000,237000,226668,241500
241500,243500,238500,163987,241000
240000,241000,236500,115698,240000
240000,243500,239000,109885,243000
246500,248500,243500,199088,248500
251500,252000,247500,150246,249500
250000,252500,248000,125196,251000
251000,251000,248000,153726,249500
251000,252000,247000,283435,249500
251000,251500,247000,176837,247500
248000,259500,248000,293418,256000
256500,261500,253000,210231,254500
252500,257000,251500,107739,254500
258000,258000,255500,130488,257000
255000,260500,254500,165233,257000
256500,258500,255000,140506,256500
255000,259500,251500,245549,258000
253000,258500,250000,276044,251000
252500,253000,249000,130841,250500
249000,254000,246000,137079,252000
253500,261500,252500,221810,258500
261000,262000,257500,175711,260000
261500,262000,257000,200188,261000
258000,260000,251500,277306,253500
254500,255000,248500,223751,249500
251500,252000,249000,201265,250000
249500,251500,245000,252991,246500
246500,247500,244500,128473,246500
246500,248000,245000,111258,246000
245500,247000,244500,86183,245500
246500,248500,245000,156318,246500
247000,247500,241000,193939,243500
243500,245500,239500,128012,240500
241000,243500,239000,113740,241000
241000,241500,235000,189660,235500
235500,236500,231500,227809,236500
236500,241500,236000,199163,240500
240500,240500,232500,337676,233000
234000,237500,233500,447926,234000
235000,235500,230000,339497,231000
231500,235000,229500,374728,235000
236000,238000,233500,304052,236000
236000,237500,234000,267707,236000
237500,242000,237500,280113,240500
237500,242000,236000,192441,241000
242500,243000,237000,226910,238000
239000,241500,238500,229249,239500
241000,247000,240500,316044,246000
248500,256500,247500,477986,252500
252500,254500,243000,351365,243500
243500,245000,240000,200440,240500
240000,240500,237000,179653,239500
236500,238500,235000,178279,236500
237000,238500,236500,109331,237500
238500,241000,235500,157437,237000
237000,239000,235500,177507,238000
237500,239000,237500,200640,237500
238500,241500,235500,167375,236000
236000,237500,235000,173992,236000
236000,237500,234500,249306,235000
235000,235500,233500,193460,234500
234500,236500,229000,252687,230500
228500,231500,226000,210451,227000
227500,228500,225500,145194,226000
228000,233000,227500,242552,232000
233000,233500,230000,223723,232000
232000,233000,230000,282824,231500
229500,230500,226000,310581,227000
226500,230000,224000,295843,225500
224000,227500,224000,207181,226500
224000,226000,222000,366439,223500
221500,223000,217000,407987,218500
216000,216500,197500,1184163,200000
200000,206500,198000,668240,204500
204500,206500,202000,332155,203500
206500,216000,206000,566114,214000
210500,214500,204500,195004,209000
209500,212500,205000,176653,206500
209500,213000,205000,177628,208000
211500,223000,210500,522307,217500
217000,218000,210000,234569,213000
213000,218500,210500,166768,215000
219000,220000,208000,328509,211500
212500,214500,207000,173881,211000
211000,213500,203500,293916,205000
206500,206500,202500,241948,205000
209500,210000,204000,154281,205500
209500,209500,201000,217969,201000
203500,210000,203000,326214,210000
209500,209500,206500,159282,208000
207000,212500,207000,319535,209000
209000,210000,205500,217526,210000
209500,213500,209000,305240,212000
210000,212500,206000,256230,208500
210000,210500,202000,457138,205000
206000,206500,201000,247225,205500
202000,204000,201500,192336,202500
202000,204500,199500,219655,202500
203500,206000,201500,275239,202500
200000,202000,198500,238170,200000
200500,202000,195000,266150,195500
196000,196000,191000,207419,194000
193500,198000,193500,142816,197000
195500,203000,195500,160707,201000
205000,206000,197000,274479,197000
197000,197500,185500,412811,185500
186500,191000,186000,199559,190500
192000,198500,190000,365878,194500
197000,199000,191500,298675,198000
200000,202500,199000,223060,201000
200000,202500,199500,290028,201500
201500,216500,201500,506037,214000
212000,216000,211000,446244,214000
214500,215500,206000,357868,210500
210500,217500,207500,183367,211000
216000,216000,210500,233318,213500
213000,213000,206500,220371,207500
207000,211500,205500,168538,210000
214500,214500,206000,143299,210000
208000,209000,205000,230792,206500
206000,207500,204000,152087,206000
205000,209500,203500,102924,208500
209500,209500,204000,116813,207000
204000,214500,204000,255098,212000
210000,212000,205000,226383,205000
205000,207000,202500,153548,204000
206000,210500,205000,173025,209500
209000,211000,205500,247791,208500
205500,207500,201000,245844,204500
200000,203000,196000,234566,200500
197500,200500,190500,196927,194500
195000,205000,191000,263719,198000
196500,204500,196000,247975,203500
204500,206000,200000,210775,200500
200000,203000,198000,215120,201500
201000,206500,200000,238969,206500
204500,206500,201500,125550,203000
200500,209500,200000,169752,207000
208000,209000,205500,139759,207000
209000,209000,204000,135586,204500
203500,209000,203500,154407,208500
210000,212500,208500,239802,211500
214000,216500,211500,254858,216000
215000,219000,213500,225768,217000
213500,216500,213000,156216,214500
215500,215500,209500,108861,214500
214500,215500,212000,122502,213500
212500,220000,212500,306579,219000
221000,221000,211500,298287,213000
213000,213000,209000,238752,210000
209500,211500,206500,138428,207500
208500,218500,208500,292900,218000
215500,217500,211500,177152,212500
221000,225000,215000,454289,215000
217500,224500,217500,344487,222500
222500,232500,219000,436261,231500
229000,236500,229000,210914,234500
234000,237000,231500,170466,234500
233000,235500,229000,175135,231000
227000,230000,220500,201753,229000
223000,231500,222500,138499,228500
231500,236500,229000,161712,236500
237000,237000,230000,193639,231500
233500,235000,231000,179950,235000
235500,238000,232500,170512,237000
237000,239000,232500,156542,238000
238000,238500,232000,212948,234000
234500,236000,233500,102215,235000
236000,236500,234000,117657,236000
236500,237000,234500,120231,236000
233500,239500,233500,165119,235000
238500,239000,235500,139895,237500
238500,242000,234500,150479,241500
240000,245000,240000,111350,243500
243500,243500,238000,117963,240500
236500,240500,236000,74019,238500
239000,243000,237500,132089,240000
238000,241000,236000,83819,240000
239000,248000,238500,227891,247000
250000,255500,248500,234795,252500
254000,254000,250000,131376,252000
252000,252500,249000,75450,250500
255500,255500,250000,117692,253500
254500,256500,252000,172322,255000
255500,255500,249500,136449,253000
255000,256000,252000,79103,254000
248500,252500,247500,136696,247500
240000,250500,240000,231355,247000
251500,252000,240500,209611,242500
246500,251500,242500,160697,250500
249000,254500,249000,106447,252000
252500,254000,251000,84152,253000
247500,251000,245500,163258,247500
246000,249000,245500,144662,247000
247000,250000,246500,100830,247000
248000,252500,247000,85553,251000
252500,253000,249000,90566,252000
249000,252000,244000,297962,249500
246500,248500,245000,266767,247000
246500,247000,243000,172644,244500
247000,247000,241000,151091,241500
241000,241500,237000,212979,238500
241000,241500,237500,87287,238500
239000,241500,236500,115665,236500
230500,234500,228500,225386,231000
229000,238000,228500,198851,234500
231000,235000,230000,214979,234500
234000,245000,232000,207990,243000
241500,247500,241500,163531,246500
250000,253000,247500,177504,251000
251000,253000,245500,156919,250000
247000,251000,241500,166935,251000
252000,252000,245000,80235,249000
246500,254000,246000,181486,253500
250500,253500,249000,115569,250500
252000,254000,250500,120559,252500
252500,253000,248500,96160,249500
246500,249000,245000,56840,247500
247500,249500,243500,88619,246500
242000,242500,237000,171144,238000
234000,241500,234000,168161,237000
235500,239000,233500,157567,234500
234500,239000,232000,135834,237000
238500,244500,235500,145124,238500
233000,245500,233000,131389,241000
244000,247000,239000,127780,241500
248000,250000,244500,160042,247000
243000,246000,241000,150647,245000
244500,247000,241000,123001,245000
238500,245000,235500,122877,242000
241500,247000,237500,128866,245000
243000,245000,236000,127831,239000
240000,246000,239000,147507,240000
242500,250500,240500,159848,247500
251000,251000,245500,96415,247500
243000,244500,239000,122391,243500
246500,255500,244000,249731,255500
254000,272000,252500,421911,271000
265000,269000,256500,415318,258500
254500,258000,249500,297224,251000
249500,252500,241000,373137,242500
240500,242000,235000,280489,240000
243000,249500,242000,217132,248000
247000,249500,241500,126273,246000
240000,244000,239500,156429,240500
237500,253000,237000,277762,252000
257000,257500,243500,194445,248000
248000,253000,243500,85836,250500
248500,262000,248500,239460,262000
262000,263500,257500,175076,259500
259000,263000,257000,148120,259000
260000,262000,256000,93215,259000
259000,260000,255000,93172,258500
259500,266500,258000,166684,266500
266500,266500,257000,152519,260000
258500,260000,256500,155645,257000
254000,258500,248000,257754,249000
256000,256500,249500,168505,251000
253500,255500,250000,175973,254000
254500,255000,251000,140176,251500
252000,255500,249000,144983,254000
254500,258500,249500,141364,250000
249000,255000,249000,122942,252500
251000,256000,249000,189093,253500
254000,257000,251500,157606,253000
254000,254500,247000,137523,249000
250000,250500,244500,183190,247500
247500,251500,245500,102439,247500
249000,251500,245500,152747,247500
247500,249000,245500,199869,248000
249500,253000,247500,156469,251500
252500,260500,250000,247964,260000
258000,259500,252500,194278,255500
253000,254500,250000,128922,250500
250000,252000,248000,45471,249500
249000,250500,246000,85065,248500
246500,250000,246000,115183,250000
250500,251000,247500,117518,250000
251500,253500,246000,184692,249000
252000,252000,238000,302469,239000
239000,239500,229500,257384,231500
232500,235000,230500,145708,231000
231000,235000,230500,124784,234000
236500,236500,232500,126127,236000
234000,238500,231000,172789,236000
236000,236500,232000,69756,236000
236000,238000,233500,104788,236000
236000,241000,236000,260223,240000
240000,242000,239000,177263,241000
236500,244000,236500,173303,242500
242000,250000,241500,245165,246500
247500,251000,246500,218547,247500
246500,251500,246000,159671,250000
251500,252500,248500,114673,251000
247500,251500,247000,75116,250000
247000,258000,247000,128765,256000
256000,258000,251500,191461,252500
256000,262500,255500,281469,260000
261000,264000,256500,166606,260500
263500,263500,258500,52859,260500
260000,263000,258500,101773,260000
260000,260500,253500,210486,259500
253500,257500,253500,137281,254500
254500,261500,254500,120882,260500
259000,262000,257000,84661,262000
263000,263000,254500,129752,258500
258500,258500,254500,81113,258500
255500,256000,251000,146007,253500
252000,256000,250500,101444,256000
253000,253000,246500,174638,248000
243500,247000,240500,253884,242500
242500,245000,241000,132366,243500
243000,246000,238500,106650,245000
244000,244500,240000,121160,240500
241000,249500,241000,137076,244500
245500,257000,245500,211656,253500
256500,257000,253000,135504,255500
252000,257000,251500,97077,254500
252000,260000,251500,303578,255000
251500,258000,251500,154324,255000
253500,257500,252000,92355,255000
253000,256000,252500,93004,255000
252000,254000,249000,148101,252000
251500,257500,251000,145056,256500
256500,257500,249500,223883,255000
255000,258000,250500,162845,256500
253500,256500,252500,70547,254000
255000,257000,249500,97312,253000
253500,266000,253000,282936,265500
264000,265000,258500,173635,263000
264000,264500,257000,129717,258500
265000,270000,260500,217845,266000
265000,272000,264000,150982,267000
268000,269500,261000,178903,264000
263000,267000,262500,123729,264500
265000,268000,246000,248979,258500
264000,265500,254000,148046,262500
258000,264500,258000,118743,261500
260000,261000,256000,109242,258500
258000,260000,249000,314770,252000
253000,260500,251000,219529,258500
257000,260500,253500,154259,259500
257500,259000,254000,96112,255000
255000,255000,246000,185484,247500
248500,254000,248000,106236,252500
252500,254000,247500,119802,249500
251500,257000,251000,120511,256500
258000,264000,257000,189122,262000
265000,267500,258500,144119,261000
263500,266000,261500,163342,265000
263500,266000,261000,110468,265500
264000,264000,256000,136630,259500
258500,260500,254000,114174,260500
258500,261500,256000,70752,261500
262500,263000,256500,77231,259000
261500,263500,259500,97916,263000
265000,266000,259000,126032,266000
267000,267000,261000,94665,263500
264500,266500,263500,70649,266000
265000,268500,261500,153679,268500
265000,266500,255000,249259,255000
256000,264500,256000,186080,262000
260500,263500,255500,138671,258000
255000,257000,250500,147844,251500
253000,257000,250500,120124,250500
253000,257500,251500,132703,255500
254000,257500,253000,92275,256500
257000,261500,255500,129947,260000
259000,264000,258000,142859,258000
258000,260500,257500,105397,260000
261000,262000,258500,105763,260000
262000,262500,257000,153811,258000
257500,260000,257000,73826,258500
258500,260500,253000,105806,254000
254000,259000,252000,111930,258000
255500,257500,253000,81223,257500
255000,255000,252000,132225,252000
248500,253000,242500,227910,250000
252000,257500,250000,265531,253500
254500,260000,254000,184285,258500
255000,260000,255000,105183,259000
259000,260500,257500,63108,260000
256500,261000,256000,188763,260500
258000,267500,257000,157333,266500
265000,267000,259000,151828,263500
267000,281000,265500,255127,274000
273000,289000,272000,297211,287000
284000,284500,278500,219523,280500
280500,284500,279000,257141,283000
279000,280500,273500,185622,279500
279500,285500,275500,196180,279500
283000,284500,276000,215114,280000
280500,291000,277500,251227,287000
283000,289000,278000,275935,286500
283500,286500,280500,146490,281500
283500,293500,283500,202410,286000
285000,290500,285000,146640,288000
288000,288000,281000,126334,284000
285000,290500,282000,128186,288000
288000,290000,284000,119807,284000
284500,286500,280000,127961,282000
278000,281500,273500,219789,275000
280500,283000,278000,178068,280000
276000,280000,274500,132036,276500
274500,276500,270500,156142,272500
270500,278500,268500,218941,278000
279000,284000,273000,159792,279000
284000,284000,270000,219521,274500
276000,276000,272000,152021,273500
272500,274500,269500,137629,270500
270000,271500,265500,148236,266500
267500,269000,264000,126014,265500
267500,267500,263000,195082,263500
263500,265500,258000,211502,258500
259500,262500,257000,178385,260000
259500,262500,259500,130847,260500
262000,263500,260500,180534,261500
261500,269000,261500,390390,267000
265500,265500,257500,192923,259500
260500,262000,254500,179813,259000
256000,269000,256000,375998,264500
264000,277000,263000,494509,274000
273000,273500,269000,292111,270000
269000,271500,265500,135666,269000
270000,271500,265000,180117,267000
267000,268000,264000,116780,265000
268500,270500,265500,131748,265500
267000,269500,264000,100347,268000
268500,271000,259000,222903,263500
264000,264500,244500,547023,248000
249500,251500,244500,360853,245000
246500,249500,242000,219759,243000
241500,244500,237500,219492,242500
244000,247000,242000,209789,242500
241500,242500,239500,186740,241500
240500,243500,238500,147146,239500
239500,246000,239500,174008,243500
244000,245000,239500,144570,242000
241000,250500,240500,244578,248000
250000,254000,247000,161960,250000
253000,254500,251000,106043,251500
251500,253500,249500,111123,251500
251500,253000,247000,126312,247000
248000,251000,245000,176792,249000
251000,256000,249500,170745,254000
253000,257000,248000,100460,251000
248500,253000,246500,82502,250500
253500,255500,249000,148953,255000
253500,256000,250500,122216,250500
254000,260500,252000,232958,260500
262000,264000,258500,168881,259000
263500,264000,259500,95088,261500
264000,264500,260000,85908,262000
262500,266000,262000,102725,264500
262000,265500,260000,107251,263500
261500,263000,255000,186397,258000
257000,261500,256500,88795,257500
257000,261000,257000,80345,259000
261500,266000,260500,156799,265000
263000,270500,262000,182733,267000
269000,269500,265500,101992,266500
266500,270000,264000,71134,264000
264000,267500,264000,77194,267500
261500,264000,258500,195921,259000
258000,264000,258000,148242,264000
264000,274000,261500,123659,271500
271500,277000,269500,152387,275500
273500,280500,273000,206423,276000
272500,281000,272500,121425,280500
277000,279000,272000,101234,272500
272500,277000,272000,121475,275000
271500,277000,270500,95607,276500
273500,278000,271500,128816,274500
275000,280500,274000,118084,279000
278500,282500,275500,108452,279500
279500,282000,274000,118380,279500
281000,282500,278500,101769,280000
279500,283500,277000,95988,282500
280000,282000,274000,120716,277000
277500,280500,275000,83237,278500
276000,282000,271500,131043,272500
271500,273000,267500,137112,272000
272000,272000,263000,231571,265000
263000,267500,262000,198930,266000
253500,257000,242000,815329,242000
244000,247500,243000,350179,245000
244500,246500,240000,282151,241000
241500,246500,241500,140761,242500
246000,246500,239500,126575,241000
242000,244500,241500,112660,243500
242500,243500,239000,250943,242000
242500,243000,239500,173981,239500
241000,244500,240000,156892,241000
244500,245000,242000,147600,243000
244500,248000,243000,194602,248000
249000,255000,247000,295158,251000
253000,255000,251000,280064,254500
253000,260000,251000,230870,259500
258000,261000,255500,149207,261000
262000,262500,258000,139249,260000
259500,261000,257500,185255,259500
259000,261500,254500,333293,258000
256000,260500,255500,156173,259500
260000,261500,257500,101199,259000
257000,259000,253000,196024,255000
258000,258000,247000,354606,250500
248500,250000,240500,313990,241500
241000,241500,235500,200294,241500
241000,244000,238500,144187,244000
242500,244000,239500,160321,240500
239000,243500,239000,255939,243500
243500,245500,242000,156922,244000
245500,245500,241500,130509,242500
243000,247000,242500,227676,246000
245000,245500,241500,177903,242500
245000,245500,240500,169864,242500
243500,244000,240500,177460,242500
242000,246000,241000,132564,246000
243000,258000,243000,520792,253500
255500,258000,251000,304619,255500
256000,256500,251000,264231,253000
251500,254000,244500,287374,247500
245000,245500,241000,279851,243000
243500,244000,241500,184710,243000
243000,243000,235000,412879,236000
234500,238000,234000,176530,235000
237000,240500,236500,267786,240500
242000,242500,237000,209863,239500
237500,238000,233500,266221,235500
235000,235500,227500,354556,229000
228500,229000,223500,311965,224000
225500,228000,223000,213034,224000
224000,225000,221000,144923,222000
222500,223500,216500,291325,218500
220000,222000,219500,162484,222000
224500,225000,220000,294135,222000
222500,224500,222500,79554,223000
222000,223000,219500,152776,220500
221000,222000,217500,182943,219000
217500,218500,212000,360852,215000
215000,221500,215000,237352,220500
222000,224000,220500,165494,221500
222500,225500,220500,168869,225500
224000,231000,224000,372842,229000
229500,232500,227000,300496,230000
228500,229000,223500,265058,227000
222500,225000,221500,173887,222000
222000,230500,222000,297272,230000
226000,230500,226000,168857,228500
233000,247500,231000,793349,246500
247000,250000,243500,497549,245500
248000,250000,245000,319229,250000
249500,250000,246000,183203,247000
245500,248500,244500,157798,247000
249000,250000,247000,281177,249500
248000,252500,246000,236426,252500
252500,262000,252000,546969,260000
262000,274000,256000,591545,273000
277000,277500,270500,368121,274500
272000,283500,271000,410193,280000
274500,278000,274500,445449,278000
278000,283000,276500,245235,283000
289500,289500,280000,309017,281500
280000,284000,277500,215958,281000
279000,283000,278000,132024,281000
277000,277500,272000,377263,274500
273000,278500,273000,183593,273000
272000,274000,267500,239051,270500
273000,278500,272000,159102,275500
268000,270000,264000,425508,265000
264500,266000,261000,390301,264500
264500,266000,263000,242192,264500
261000,265000,261000,184353,263000
263000,265500,261000,174411,263500
263000,266500,262500,243175,266000
266500,267000,261000,155617,264500
264000,264500,261500,158324,263000
261500,261500,256000,146033,261000
258000,261500,256000,170066,257000
254000,255500,251500,242511,254500
254000,259500,253500,165701,258000
256500,258000,255000,138106,257000
256000,256500,253000,99697,255500
254000,256000,253000,133877,253500
255000,256500,252500,116545,254500
254000,256000,252500,133853,255000
254500,254500,247000,342058,250000
251000,258500,250500,146246,258500
256000,258000,250000,127626,250500
248500,250500,246500,315301,248000
248500,249500,247000,142638,248500
247500,248000,243000,220580,245500
243000,246000,240500,216055,243000
242000,245000,242000,121879,243500
244000,248500,243000,188971,244500
245000,249500,242000,177017,245000
248000,252500,244500,112849,250500
251500,251500,247500,101201,249500
249000,250000,246500,97274,249000
251500,253500,246500,174343,247500
248000,248500,244500,137262,246000
245000,248000,242500,191267,243500
244500,244500,242500,117465,244000
244000,247500,243500,144558,245500
247500,251500,246000,213688,248000
248000,249000,244000,158118,247000
245500,257000,245500,283619,255500
252500,255000,245000,247468,246000
245000,248000,244500,131614,245500
246500,249500,246000,152031,247000
246000,251500,244500,188549,250500
247000,256500,247000,160624,255000
253000,256000,253000,95146,253500
253500,253500,248500,156530,250000
247500,255000,247500,120145,253000
251000,259000,251000,228752,257500
255000,257500,252500,136557,255000
255000,257000,251500,92648,252500
250000,250000,245500,215121,247000
245000,247000,238000,220480,245000
243000,247000,243000,67219,246000
246000,253500,245500,104269,252500
249500,253000,247000,101963,251000
249000,253000,248000,70446,250500
249000,255500,249000,90116,252000
253000,255500,250000,74021,252500
253000,254000,249500,72308,251000
249000,251000,243000,173692,245000
243500,246500,240000,172741,244500
242500,245000,236000,206547,236000
236000,247000,236000,223020,241000
240000,245000,238000,105529,238500
240000,242500,237500,122999,238500
237000,238500,233000,204805,235000
235000,238000,234500,162425,236000
233500,235000,220500,522430,225000
220500,224000,215000,420323,217000
218000,221500,218000,322408,219000
219000,219500,214500,246787,215000
214000,216500,212500,380939,213500
212000,217000,212000,248462,216000
216000,218000,215000,172797,216500
215500,220500,215500,236454,217500
219000,222000,218500,327052,219000
217500,219000,214500,292128,216000
215000,219500,215000,247649,218000
221000,222500,218500,196439,220000
223500,234500,223000,437839,231500
229500,232500,228500,235304,231500
228500,234000,228000,156941,232500
235500,240000,233000,293117,240000
235000,241500,232500,513282,241500
237500,243500,237000,185367,242000
239000,241000,237500,196461,238000
240000,244500,236000,191252,243500
242500,246000,239500,123053,241000
240000,240500,234500,150581,236000
235000,241000,234500,116811,240000
243000,251000,241000,336056,249000
247000,249500,245500,90703,248000
244500,247000,243000,128288,245500
243500,245500,242500,83928,244000
243000,244000,238500,145299,239000
239000,258000,238500,311911,256000
252500,258000,250000,261155,255500
255000,255500,246000,246690,254000
254000,270000,253000,464930,266500
262500,271000,262500,185874,265000
262500,270500,262500,196725,266000
266000,275000,266000,176620,271000
268000,276500,268000,208592,272500
268000,271500,262000,282873,266000
262000,268000,260000,151779,265000
266000,272000,264000,207345,268500
266500,273000,265000,117052,268500
273000,277000,267000,155226,273000
271500,273000,266500,106575,268000
265000,273000,264000,132157,266500
271000,271000,261500,157184,263500
260000,261000,255000,262451,255500
252000,258000,250000,223447,255500
253500,257500,252500,112175,254000
253500,257500,252500,116254,253000
255000,259000,254000,130304,255000
253500,255500,252000,75644,255500
253500,257500,253000,117179,254000
257500,269000,255500,247161,260000
261000,265500,257000,193750,263500
269500,283000,268500,571152,273500
271000,277000,267500,191422,269000
269500,271500,266000,133272,268500
266000,275000,266000,142313,268500
269000,274000,263500,171276,263500
266000,269500,262500,130195,263000
262500,265000,257500,128962,262000
263500,265000,253000,218065,257000
253500,257000,252500,199849,256000
255500,262000,255500,171317,259500
260000,263500,257000,334336,257000
261000,268500,256000,265788,267000
263500,269500,261500,140586,267000
266500,268500,261000,156223,268000
265000,266500,259500,217296,264500
263000,265500,258000,157491,259000
262500,262500,258000,144166,260000
260000,262500,258500,150400,261000
258000,273000,257000,223273,268000
265500,267500,259000,185069,263000
262500,263500,256000,181417,257000
254500,259000,254500,175705,256500
255000,256500,245500,458789,246500
243500,248000,243500,214959,246500
246500,248500,245500,193889,247500
246000,252000,246000,154294,249500
250500,257000,250500,211615,255000
255000,255000,249500,174609,251000
251500,254000,246500,127169,247500
249500,251000,244500,112046,247000
246500,256500,246500,161403,253000
251000,257000,251000,130436,256500
258000,259000,252500,138823,255000
253500,268000,253500,241714,267000
267500,272000,261000,370941,269500
268000,275500,266000,252175,268000
265500,272500,265000,200153,270000
268500,276500,264000,298618,268000
252000,255000,241500,1337931,246000
243000,249500,242000,351592,249500
247000,248500,244000,331364,245500
245000,247500,242000,391535,247500
248000,249000,246000,157759,246000
246500,256500,246500,437624,255000
254000,255000,248000,244874,248500
248000,248000,242000,277099,245000
245500,256000,242500,323645,243000
244000,249000,241000,473762,245000
240000,240500,234500,314830,236500
236500,238500,234000,289273,234000
234000,236000,223500,469496,224500
225500,228000,222000,399960,224500
228000,229500,222000,314804,223500
223500,227000,222000,151464,223000
222500,224500,221000,326193,222500
222500,227500,222500,281409,224000
225000,229000,221500,289337,228000
230000,234000,227500,262655,231500
232000,234500,230000,149866,230000
230000,232500,226500,181780,228000
227000,228000,219500,248597,220500
220000,223500,220000,125684,221500
222500,224000,217500,303314,219500
218500,219000,214500,377344,214500
218000,219000,215000,270399,218000
217500,222000,216500,231252,221500
227000,227000,223000,235422,224500
221500,224500,220500,173751,224000
222000,233000,222000,357603,229000
230000,231500,225000,202773,229000
230000,237500,229500,347714,231500
227000,227000,219000,297880,226000
222000,235000,221500,353851,233500
232000,237500,232000,186908,236500
237000,239000,232000,203437,236000
232000,235500,231500,284903,233000
230500,234000,228000,182367,232500
236000,247000,235500,586844,245000
249500,264000,245000,1530584,261500
248000,260000,240500,1386658,254000
251500,252500,237000,744205,239500
239500,246000,239000,1040185,244500
244500,258500,241000,596146,255500
264000,271000,261000,741979,264500
270000,270000,258500,251627,262500
263000,264500,260000,270168,262000
262000,262500,257500,266775,260500
260000,264500,258500,299354,263000
261500,264000,261000,173875,262000
260500,261500,251500,364527,251500
251500,253000,249500,133074,250000
253000,253000,242500,234745,245500
243500,252000,243500,304530,248500
249000,251000,245500,193627,248500
248500,248500,241500,258837,243000
241000,246000,241000,112551,243500
243500,245000,240500,125683,243500
247500,250000,243500,253726,245000
243000,247000,241000,159692,244000
243500,249000,241000,240291,241000
241500,249500,241000,255100,246500
248000,249500,243000,163901,248000
245000,255500,243000,329216,243500
247000,248000,238500,287847,240000
238000,239500,234000,237103,235000
236500,240000,234000,204230,235000
238500,238500,234500,169553,235000
235000,237000,229000,260513,231500
232500,238000,232000,160885,237000
238000,242000,236000,185015,240000
237500,241000,237500,142993,238500
238000,239000,234500,261360,237000
238000,239000,235000,148274,237500
236000,239500,231500,112260,239000
241000,244000,237500,160148,241500
248500,250000,244000,523019,247000
244500,245000,237000,230720,239000
237500,237500,232500,252405,234500
234500,234500,230000,150006,231500
230000,231500,224000,233787,225500
223000,224500,218500,276826,220500
221000,221500,217000,496730,218000
219500,227500,219000,196650,226500
225000,233000,223500,160646,231000
228000,229500,226000,121218,227500
229500,232000,228000,117781,231500
230000,231500,228000,142218,230000
231000,232000,224500,277130,226000
225000,227000,224000,183802,226500
224000,225000,221000,370143,223000
222500,222500,219000,539275,219000
220500,221500,219000,207317,220500
218500,222000,218000,265262,221000
220500,220500,218000,266410,219000
218000,220000,215500,242401,217000
215500,218500,215000,182137,217000
220000,220500,215000,276167,216000
216500,218000,214500,266685,218000
216000,218000,215000,156627,215500
215500,216000,213000,131608,214000
214500,215500,208000,177310,212000
210500,212000,203500,203404,205500
207000,208000,203000,122216,205000
203000,205000,197500,227267,198500
197000,201000,197000,130579,200000
200500,209500,200500,184527,205500
207500,208500,204500,99131,206000
204000,206500,203000,128623,205000
200500,204500,200500,149249,202000
203500,209500,203000,302165,208000
206500,216500,206000,279643,215500
213000,224500,213000,340854,222500
221500,225500,220500,153034,223500
223500,224000,219000,142083,221000
218500,223000,218500,103903,222000
222000,228000,219000,165713,227000
228500,231500,227000,140170,229500
227500,227500,221500,174760,226000
224000,229000,224000,127419,226000
224000,227500,220500,245872,223000
225500,231500,225500,248302,228000
228500,230000,226000,112845,229500
231000,231000,227500,98193,228000
229000,231000,226500,90169,228500
226500,229000,221500,136823,223500
222500,226000,222000,87520,224500
223500,230000,223500,79586,227500
228000,228000,223000,90197,224500
235000,240500,230000,528047,231000
230000,233000,228000,165783,233000
232500,234000,229000,108892,231500
231500,234500,227000,91229,231000
231500,233000,228000,93989,230000
228000,232500,226000,143166,232500
229500,232500,226500,81940,232000
234000,235000,232000,105324,235000
233000,235000,230000,142076,231000
230500,232000,228000,135387,229500
231000,231000,228000,136096,230000
230000,232500,228000,164608,232000
231000,232500,229000,132308,230000
231000,232500,229000,137576,231000
231000,231000,224500,119997,226500
226500,227000,222000,119006,223000
225000,226500,222000,137691,224000
223500,228000,223500,92301,226500
225000,228000,223000,103520,226500
226500,229500,224000,156231,226500
225000,233000,225000,191522,231500
234500,240000,233500,336510,237000
232500,237000,226000,172142,227000
225000,226000,221500,169946,222500
223000,223000,220500,135920,222000
222500,223500,220000,189480,221000
220500,226500,220500,114740,226500
224000,224500,221000,108966,222500
220500,221000,217000,199384,220000
219000,221000,217500,91988,221000
219500,226500,219500,112037,224500
227000,227500,221000,158571,223000
227500,228500,224500,289050,227500
227000,229500,226000,193492,228000
225000,226000,220000,160689,221000
220000,223000,217500,141137,218000
216000,218000,203500,325337,209500
208500,209500,206000,142461,208500
208000,212000,205000,131297,208000
211000,211000,201500,181623,205500
199000,202000,195000,358876,195500
197000,197500,191500,244661,195500
195500,197000,188000,304782,190500
190500,195500,189000,256210,191500
194000,198500,192500,206485,198500
195000,196500,188500,291817,191000
189500,194000,188500,165407,193000
193000,197000,192000,233922,195500
193000,195000,185500,436598,187500
189500,192500,187500,348405,191000
187000,190000,172500,500682,182500
182000,192500,182000,475642,188000
188000,194000,187000,285393,189000
190000,195500,189500,269327,191500
187500,192000,183500,287841,190000
187000,191500,185000,328587,187500
186000,190000,186000,424064,188500
187000,191500,186500,191947,188500
189500,196500,189000,215540,195500
194500,199000,192000,203610,193000
197000,198000,193000,199959,193000
192000,198500,192000,141838,193000
192000,192500,185000,146973,186000
182000,188000,179000,190077,186500
187500,192000,187000,157205,190000
188000,193000,185500,112223,191500
192000,194500,190500,101143,193500
190500,192500,187500,142024,191000
191500,192500,181000,235831,184500
180500,186000,178000,172473,185000
185000,185000,167000,705244,169000
168500,170000,165000,326300,167000
166000,169000,165500,302321,167000
168000,175500,167500,396585,174500
175000,177500,173000,183892,176000
178000,179500,172500,156706,173500
175500,184500,174000,435192,180500
183000,185000,180000,137431,181500
183000,183500,177000,187512,179500
177500,179500,176000,135384,177000
177500,180500,174000,153458,179000
180000,182000,177500,130643,181000
177000,181000,175500,181255,180000
178000,180000,174500,156828,177500
180000,195000,179000,485527,193500
194000,203500,192000,592157,201000
201000,201000,196500,230837,199000
203000,203500,194500,191113,201000
201000,201500,198500,176452,200000
201500,207000,198500,238458,205500
200000,202500,196500,354985,200000
194000,196500,193000,309481,195000
195000,198500,194000,134838,197000
193500,194000,185500,260543,190000
189000,193000,186500,146869,188500
188500,192500,188500,143178,190000
190500,191500,183000,215479,185000
187000,194000,184000,236692,192000
191000,202000,191000,352671,199500
200000,200500,196000,144186,198500
200500,201000,192000,112903,193000
192500,204500,191500,277391,202500
199000,200000,195500,239761,196000
196000,198500,195000,138285,196500
195500,197500,193000,130372,195000
199000,203000,195500,211778,202000
200000,203000,198000,131657,200000
199500,211500,198000,373169,207000
207000,212500,206000,356368,210000
208500,211500,203500,190077,205000
205000,206500,203500,143839,205500
205500,215500,204000,321733,215000
211000,215500,208000,292037,214500
210500,214000,208500,264026,208500
220500,220500,215000,460844,217500
215000,222500,212500,353140,221000
222500,224500,218500,241733,224500
226000,226500,219500,263647,225000
225500,227000,222500,158081,224000
223500,224000,219500,175558,221000
213000,220000,213000,143844,218000
218000,223500,216500,180612,219500
220000,225000,219500,211222,222000
222000,223000,217500,162454,218500
215500,218000,210500,343277,218000
216500,217000,212000,177426,214000
213000,213500,208000,272761,210000
209500,210500,208500,140054,209000
209500,213500,209000,313845,210000
212500,216500,211000,322897,214500
212000,217000,211500,237777,213000
215000,217500,213000,188208,214000
213500,218500,211500,510196,213000
220000,222000,217000,591208,221000
221000,224500,219000,407384,220500
216500,217500,208500,422495,212500
209500,210500,207000,271580,210000
210500,214000,207500,234174,213000
215000,217000,208500,204990,210000
209000,209000,203000,157539,204000
203500,206500,201000,119911,205500
206500,209500,206500,123978,208000
211000,211000,202000,137139,207000
211000,211000,197500,410472,200000
201500,209500,200500,376469,207000
209500,214500,206500,156581,213000
214000,215000,209000,209318,213000
207500,215000,207000,202400,215000
214500,216000,210500,153710,213500
213500,216000,211000,232552,214500
212000,212000,208000,135415,208000
208000,211000,207000,155296,210500
209000,210000,206500,136094,208000
205500,209500,204500,125651,209000
209500,211000,204500,245770,208500
210000,211000,208500,117275,211000
209000,210000,206000,176075,207500
206000,215500,206000,243849,215500
215000,219500,214500,149577,218500
219500,225500,217500,220957,225000
223000,227000,221500,199073,223500
221500,225500,220000,147330,224500
223000,226000,221000,156979,226000
225000,226500,223000,207467,226500
226000,226500,222500,194785,223000
221500,224500,216000,221694,217500
217500,225500,217000,313202,225000
225500,229500,222000,189138,229500
230000,240000,229500,379164,233000
233500,234000,229000,86128,229000
227000,230500,226000,101227,229000
231000,234500,228000,182821,234000
234000,235500,229000,323852,232500
231000,232000,226500,192626,228000
228500,228500,222500,200629,226000
226500,236000,226000,260452,234500
232500,234500,231000,202907,232500
232000,240000,230000,305273,237000
235500,237500,231500,225747,233000
229000,238000,229000,239384,233500
228500,232500,228500,137471,230000
227500,230500,219500,287796,219500
223500,225000,215000,186765,219000
215000,218500,212500,185969,214500
215000,217500,210500,196877,212500
211000,215500,208000,156237,213000
221000,223500,212000,269750,212500
213500,215500,211000,130038,212000
214500,218000,214000,194202,217000
214000,215500,211500,146671,212000
212000,213000,209500,154425,211000
212500,214000,210000,154302,212000
212000,215500,210500,177470,214000
215500,221500,215000,244020,219000
219500,220000,215500,367016,217000
218500,221500,216500,204658,217500
213500,222000,213000,183125,221000
218000,220000,212500,303658,217000
214000,220000,214000,178661,217000
214000,223500,214000,164214,217500
218500,222000,216000,199646,220500
220000,224500,217500,189024,220000
223000,226500,220500,176237,225500
225000,228000,224000,112516,225500
226500,228000,221500,123904,223000
221500,224000,214500,382356,216000
218000,221500,216000,218962,220500
221500,224500,220500,155634,220500
222000,224000,221000,110784,223500
225000,225500,222500,116054,223500
223500,224500,222000,121384,224000
223000,227000,222000,204380,226000
228500,232500,227500,177873,229000
230500,233000,228000,143019,232000
232000,234500,229000,179265,233000
229000,236000,228000,206434,235500
233500,237000,232000,159416,235500
239000,239500,234500,168621,235000
233000,234000,230500,166913,232000
231500,236500,228500,165374,229500
230000,233500,227500,196409,232000
231500,235000,231000,151166,233500
230500,233500,229500,84638,231500
232000,234500,230500,135090,231000
234500,234500,229000,135087,231500
229000,233000,228000,224580,231500
230500,237000,229000,118485,235500
234500,235500,232500,103816,235500
236000,236500,229500,176995,231500
232000,234500,230500,142711,234500
231500,233000,229500,140916,231000
233500,234000,229500,134565,233500
231500,233000,226000,194960,227500
230000,233000,226500,150346,233000
232000,235500,231500,111346,232500
240000,246500,237000,495994,245500
245500,250000,245000,270999,245500
245500,245500,237500,169686,242500
245500,247000,241000,161770,244000
243000,246000,241000,217830,241000
246000,246000,240000,150923,243500
240000,246500,237000,247574,246000
242000,246000,240500,205206,242500
240000,242500,228500,347171,237000
240500,240500,234000,204498,238000
238500,240500,235000,309661,236500
239500,245000,237000,204921,243500
241000,244500,238500,146465,238500
235500,237500,234000,122224,235000
237000,242500,236000,193575,240000
245000,245000,235000,190339,239500
243500,243500,239000,138957,242000
240000,245000,239000,254168,244500
245500,247500,241500,246941,245000
245000,245000,240500,164628,240500
239000,243500,238500,158730,241500
234500,241500,234500,161530,239000
241000,243000,238000,353866,240500
244500,249000,243500,206614,247000
249000,249000,243000,138049,244000
245000,248500,244000,176218,248500
248500,253000,246500,105730,252500
250500,251500,246500,152013,249000
252000,252000,247000,170597,250500
247000,249500,245500,178743,246500
246000,249000,245500,132574,249000
249000,251500,247500,155187,251000
249500,251000,247500,168845,249000
251000,251000,244000,399458,247500
248500,249500,242500,273827,244500
244500,248000,243000,196257,248000
246500,249500,246000,177141,249500
247500,247500,244000,169654,245500
246500,249000,245000,275425,248500
248500,253500,248500,193970,251500
258500,263500,253500,414058,259500
254500,257500,253000,280649,255000
255000,255000,247000,251912,249500
252000,252000,246000,130769,249000
249500,253000,248000,191365,252000
251500,252000,247000,192354,247500
245500,247500,243000,211452,245500
243000,245500,239000,206930,242500
241500,245500,241000,120836,244000
243000,245500,241500,170518,243500
243500,248000,237500,329544,245500
248000,249000,242000,201697,244000
247500,247500,239500,189019,240500
242000,246500,241500,200929,245500
245000,245500,242000,153355,244000
245000,245000,239000,164578,240500
243500,243500,238500,239026,241000
241500,241500,235500,130342,238500
236500,242500,236500,176620,241000
239500,241500,238500,132086,240000
238500,243500,238500,183751,241000
240000,240000,236500,383310,237000
238000,240000,236500,597923,237000
237500,239500,236500,187239,237500
239000,240000,237000,180426,238000
237500,240500,235000,226345,238000
237000,244000,236500,180495,243000
241000,244000,240000,208980,242500
242500,246500,242000,202980,246500
247000,248000,244500,150854,244500
246500,249000,244500,169598,247000
245000,246000,241500,176210,242000
241000,244500,241000,109303,241500
242000,246000,241000,237741,244500
243500,245500,241000,128720,241500
243500,246000,241500,196138,246000
248000,258500,246500,295646,257500
254000,258500,252000,240022,255500
256000,260000,256000,290124,257000
255500,259000,254500,270526,256000
256000,258500,251000,385166,253000
251000,256500,251000,257086,255500
253000,258500,253000,304028,257000
253000,257000,247000,630562,247000
247000,254000,247000,308263,252500
251000,253000,249000,225680,251000
252500,253500,244000,257744,245000
245000,248500,244500,242207,246500
247500,249500,244500,262440,248000
248000,250500,246000,345433,249500
248000,251000,244000,298932,245000
246500,247500,244500,200593,246500
246500,252500,246000,244462,252000
250000,257500,250000,287466,257000
254000,256500,253000,278919,256000
256000,260000,254000,409684,259500
261000,263000,258000,243561,260500
263000,263000,259500,234196,260500
267000,267000,261000,540074,263500
259500,268500,259000,317144,267000
265000,266000,257000,250200,261000
261500,262500,258500,242192,262000
263000,263000,258000,204087,260000
258500,261000,256500,161771,257500
259500,261500,257000,126392,261000
258000,262000,255000,106529,257500
260500,260500,256000,106749,256000
254500,256000,247500,214585,247500
249000,250500,244500,255475,250000
250000,252000,248000,130109,249500
252000,255000,249000,251361,252500
248000,256500,244000,317886,245000
245000,248500,243000,283999,245000
245500,247500,244000,208838,244500
243500,245500,241500,199412,242000
243500,246000,242500,192654,244000
244000,245500,243000,176379,245000
246000,250000,243000,291549,249500
250500,251500,247000,162761,248000
247500,249500,246000,150631,246000
244500,244500,240000,252264,241000
243000,246000,241000,283895,245500
248500,253000,246500,472880,251500
246500,248500,245000,283811,245000
243000,244500,236000,310470,239500
240000,240000,235000,393045,237000
237000,239500,229500,238669,229500
227500,228500,220000,332333,228000
229000,231000,227500,376956,229500
229000,230500,226000,255446,227000
229500,235000,227500,311850,234000
231000,231500,228000,232094,231000
227500,230000,225000,183144,228500
229000,240500,228500,302565,237500
238000,243500,237500,268281,242500
241000,242500,237500,252113,239000
234500,240500,234000,186275,237000
240000,240500,235500,119699,239000
237500,239000,235000,126287,235500
239000,239500,234000,158389,235500
235500,237000,230000,183854,231000
228000,231000,227000,143419,228500
224000,226000,219000,247956,219000
216000,224000,216000,249318,220000
216500,222500,216000,234909,220000
219000,222500,218500,162109,219000
217000,218000,208500,317745,210000
204500,210000,199500,558902,207000
209000,211000,204000,302640,204500
207000,210500,205500,249704,209000
210000,211500,208000,244377,210500
208000,210000,203000,248997,203000
200000,200500,193500,237798,194000
194500,197000,189000,392442,189000
189500,192000,185000,288950,187500
190000,191500,178500,458209,180000
162000,174000,162000,623997,171500
172500,176000,161500,329732,161500
156500,159000,152000,433323,152500
152500,154000,140500,438595,141000
142000,145000,126000,577742,129000
130000,142000,126500,567440,140500
128000,139000,127000,522677,133500
140500,145500,137000,464543,144500
159500,173000,156000,810541,169500
167000,179500,164000,658075,167000
179500,179500,165500,576106,170000
164000,168000,160500,446277,164500
166500,171500,164500,409687,169500
166500,171000,165500,362016,166500
168500,169000,162000,396835,167000
164500,167000,163000,307022,165000
165500,169500,164500,301214,169500
173000,174500,168000,600590,172500
170000,174500,169000,444216,170000
173000,179500,171000,607783,178000
178500,184000,175500,368237,181000
178000,179000,174000,243078,174000
175000,178000,173000,256468,176500
173000,177000,171000,402536,174500
175500,181500,175500,315155,179500
179000,181000,178000,402353,179500
178500,179000,173000,387624,176500
171500,176500,169000,425251,176500
175500,180000,175000,278640,177000
175500,175500,167500,440277,169000
168000,169500,167000,401696,167500
167000,169500,166000,351935,167500
168500,172000,167500,330932,172000
168500,172000,167000,393505,169500
171000,173000,169500,284330,173000
170500,172000,169500,260282,170000
171500,177500,171500,359076,176000
175000,178500,172000,441460,172500
172000,172500,168500,260081,170000
167000,170500,167000,231167,170500
170000,170000,168000,291779,169500
171000,172500,169000,211529,172500
174500,174500,170000,224848,173000
179000,187000,178000,632454,186500
184000,187000,182000,251354,185000
187500,189500,185000,288325,187000
188000,188500,182500,255149,184000
187000,187000,181500,166801,186500
188500,196500,187500,353343,195000
193500,196000,192000,285130,193000
193000,193500,190000,287260,190500
190500,200500,188500,389868,198000
196000,206500,196000,260640,206000
203000,219000,202500,430198,214000
218500,230000,217000,515118,224000
225000,229500,217000,408294,217500
215000,221000,213000,287283,219000
225000,225500,216500,285589,217500
216500,221000,212500,244881,214500
212000,213000,209000,338548,211000
208500,211000,203500,624141,206000
193500,206000,193000,440380,206000
198500,199500,187000,594810,187000
190000,196500,190000,322656,195000
193000,194000,188500,316584,190000
187500,193000,185500,282466,188000
190000,191500,185500,319737,185500
185000,187000,183500,204828,184000
187000,196000,186500,579311,193000
195500,212500,195500,734730,205000
200500,202500,194000,392726,194000
197000,201000,196500,295836,198500
193000,195000,191500,212889,192000
195000,197500,192000,253317,192000
194500,198000,193000,173150,194000
192000,196000,192000,253093,194500
196000,199500,194500,165056,195500
197000,206000,194500,336074,204500
205500,206000,199000,352141,201000
200000,203500,199000,271449,199000
201000,201000,197500,299020,197500
195500,196500,191000,280706,192500
194500,205500,193500,416475,204500
203500,211500,200000,549007,210000
213500,223000,213000,815163,215500
216500,220000,213000,402205,213000
213000,221000,212500,436200,220500
222000,227500,219000,434885,224000
221500,224000,216000,558469,217000
217000,219500,211000,386754,211000
209500,214000,206500,511415,211500
207000,214000,203500,566590,203500
203500,210000,202000,394211,203500
204500,206000,202500,333839,204000
202000,212000,200500,557688,212000
212500,217500,212000,399720,213000
211500,213000,205000,386250,205500
208000,208500,203000,292704,206000
206500,212000,206500,371368,208000
207000,213000,206000,435388,212500
213000,223500,212500,831406,222500
222500,227500,216000,635205,223500
226500,245000,226000,1265411,238000
239000,241000,230000,626321,239000
232500,235500,227500,604103,229500
231500,240000,225000,983401,228000
228500,230000,218500,462365,224000
220000,224500,213000,535693,214500
214000,218000,213500,369044,217000
213000,215000,203500,519337,204500
210000,214000,205000,392349,211000
212500,218000,208500,295989,217000
221000,226000,219000,377235,219500
220000,224000,216000,345505,223500
224500,225000,217000,322599,217000
217500,230000,217500,778178,226000
232500,236000,224000,805029,224000
225000,241000,225000,915042,238500
239000,240500,232500,564954,235500
238000,238000,232000,425972,233500
224000,231000,224000,442319,230000
228000,228500,224500,272841,225500
227500,231000,224000,279719,225500
223000,227500,222000,260718,223500
225500,226000,223500,335130,224000
221500,226500,221000,236329,226000
227000,235000,227000,417530,232500
235000,235500,231500,306934,234000
233000,242500,231000,658710,242500
242500,247000,240500,592993,242000
241000,242000,235000,465237,240000
241000,247500,239500,425049,242500
241500,242000,232500,407826,234000
